ID_Cliente,monto_credito_real,monto_credito,error_absoluto
C001502,-1230.3010881517866,-2828.173662361375,1597.8725742095885
C002587,1877.4525258113395,571.2502351673373,1306.202290644002
C002654,3326.1360839289114,3099.986514084216,226.14956984469518
C001056,-1448.6052364241066,-1482.1131502857918,33.50791386168521
C000706,-993.615440003515,-1459.5681551787168,465.9527151752018
C000107,137.75302526537445,-360.9413813923958,498.69440665777023
C000590,2422.1124777548016,2689.6592620297374,267.5467842749358
C002469,1335.6809409816344,1799.2684696274,463.5875286457656
C002414,-1418.1692462671856,-657.4355283446405,760.7337179225451
C001601,-436.9273459133317,-1950.4447311922272,1513.5173852788955
C002465,-2455.6666009662836,-2971.7577284288527,516.0911274625691
C000229,345.9577735914439,265.0113352472781,80.94643834416581
C000916,792.1990626182231,937.1741268151357,144.9750641969125
C000795,-939.9683776639042,-637.340184567693,302.62819309621125
C003022,80.55864914778181,640.0157987504174,559.4571496026356
C003544,801.2078603955225,511.4559391583018,289.7519212372207
C001074,-1763.0005883200993,-1985.74634748805,222.74575916795084
C003352,127.97716545463464,210.25317616692004,82.2760107122854
C001745,4267.836974756754,4521.16617606535,253.32920130859566
C001085,3649.966494388422,3330.9144151314954,319.0520792569264
C000927,-51.58841325087778,95.7867046830728,147.37511793395058
C003050,-812.6378803446479,-598.9936603120519,213.64422003259597
C001118,902.4394614192963,1801.6357199104386,899.1962584911423
C000643,783.6367855768318,678.317489048264,105.31929652856786
C004768,-1235.274012210897,-1331.3721341600885,96.09812194919164
C000502,2918.511841264939,1317.0513279523736,1601.4605133125654
C004067,1284.4392479772955,424.91622560708987,859.5230223702056
C000334,284.55853530124773,-113.30746031237948,397.8659956136272
C004685,1834.2290644492825,2417.8804755916794,583.6514111423969
C000487,-336.97343156567115,-1738.0116184557364,1401.0381868900654
C001963,4018.5762716334384,3134.7163220949174,883.859949538521
C000394,3723.7523744682103,3124.1132538136753,599.639120654535
C004843,432.0150161745572,-303.29593643516716,735.3109526097244
C004867,-5797.761332584655,-5435.416540466592,362.3447921180632
C001756,-910.5603880388562,-268.58758508880527,641.9728029500509
C002516,1627.1864906783253,899.5027717857093,727.683718892616
C003586,2731.2992680413045,2181.503116032121,549.7961520091835
C004316,-2297.611459513293,-2298.357381158,0.7459216447068684
C004967,976.567109165674,523.8014606850712,452.76564848060275
C002100,-3865.2788138552173,-3662.436252579538,202.84256127567915
C003600,2072.7042528651905,2229.1185325712195,156.414279706029
C004122,-185.2952050078581,-527.2698407654847,341.9746357576266
C000030,-142.61872853379592,-574.9894062854511,432.3706777516552
C000066,1145.2817707961256,1475.8033274516195,330.5215566554939
C000839,-303.947771868051,-391.22404608971704,87.27627422166603
C003907,700.1129045108348,-27.43837026646215,727.551274777297
C003774,-146.01025758608813,284.88662249090254,430.89688007699067
C004636,-1622.7464691084772,-973.4059506364314,649.3405184720458
C003162,1416.5365636182985,939.8497744131155,476.686789205183
C002660,2913.6192401376798,2193.3846574286817,720.234582708998
C004616,611.3275640539043,754.0071923340824,142.67962828017812
C004629,-4418.741292282877,-4577.537947109751,158.79665482687415
C002452,635.6443653069679,129.72022900863232,505.92413629833555
C002847,2240.376292144222,1899.817168054036,340.55912409018606
C001145,-1031.0743445309206,-686.4077717720868,344.6665727588338
C003079,-2880.9817883530714,-2170.815342017112,710.1664463359593
C001104,-2953.549024346312,-3782.894989976884,829.3459656305722
C000169,119.25166118098718,-1002.7301211568465,1121.9817823378337
C001671,13.46090336983923,347.7356531968698,334.2747498270306
C002571,-666.056225844364,-496.5477262078669,169.5084996364971
C002378,62.45215208961349,-377.8302378861644,440.2823899757779
C004396,-2852.530212961176,-3519.925627048723,667.3954140875471
C004258,-2240.662208755546,-463.61305550658443,1777.0491532489616
C003863,2262.073720157273,2087.714422398855,174.35929775841805
C000024,2578.222575113998,2147.031032185674,431.191542928324
C002634,609.0452064435896,184.38735671956746,424.65784972402207
C003341,1521.4023679698096,1002.5570089851251,518.8453589846845
C002216,-3759.538038241132,-2829.644917307946,929.8931209331863
C003683,-4085.791651325872,-4028.0248727747935,57.76677855107846
C004725,1139.5636835861035,2281.606658599788,1142.0429750136843
C001908,-1131.0058743918971,-918.7845884018378,212.2212859900593
C000085,-692.7295679403035,-558.784825930817,133.9447420094865
C000228,-1978.566002301178,-2341.569580882466,363.00357858128814
C000297,-3536.2193597391324,-3609.9482534268814,73.72889368774895
C001002,1344.6381124293198,-710.4999570809538,2055.1380695102735
C002139,-5529.095494267703,-5489.0489068788675,40.04658738883518
C000712,1104.7700567173054,-402.60157120225443,1507.3716279195598
C002802,1756.9991808498385,1100.0814342810784,656.9177465687601
C002528,-336.29063313512,-887.0462516139813,550.7556184788614
C003753,-61.262583475909196,-256.9922719625732,195.72968848666403
C003322,665.1223315657277,1024.4937709644094,359.3714393986817
C003182,-2938.8513178668277,-2919.78156112601,19.069756740817866
C004184,-1781.1635866468384,-715.682320305885,1065.4812663409534
C001616,-163.9245165080957,249.03738760193707,412.9619041100328
C003025,-5987.702695806917,-4360.327516128066,1627.375179678851
C001414,-320.97037068655567,-815.6523196719546,494.68194898539895
C000764,-2583.4561060136502,-2811.6115786519713,228.15547263832104
C000656,-2790.856286548734,-2773.3653282810537,17.49095826768007
C004798,1177.8119974149567,2011.7905372175162,833.9785398025595
C003850,-3698.592266057963,-3029.2749379027487,669.3173281552145
C004154,-2034.5392317944925,-906.3380521149905,1128.2011796795018
C000469,-46.923093145984154,346.507371459598,393.4304646055822
C000158,-28.520750253032247,85.84981305233342,114.37056330536566
C001296,-2963.5369055464325,-2019.1673402314443,944.3695653149882
C000498,27.830259832710794,189.23858587746884,161.40832604475804
C004741,-2215.574177244758,-1781.9357018044223,433.6384754403359
C002941,2945.2062521417424,2027.2100243588768,917.9962277828656
C003457,1223.5736135813916,1112.471919451285,111.10169413010658
C000374,1992.8465462321255,1685.8607758591363,306.98577037298924
C000080,2068.885524072909,2587.5406603374317,518.6551362645228
C001554,532.36468204139,914.3131600838794,381.94847804248946
C001670,-1139.2960023653636,-664.6199186811363,474.67608368422736
C002132,1661.2791223121103,1622.8347740786082,38.44434823350207
C004440,2689.7401397754015,2433.393559202925,256.34658057247634
C000466,2603.44506593445,1846.5205121380172,756.924553796433
C000249,-2579.9594382847604,-1778.0835615800734,801.875876704687
C000932,3032.882241742068,3899.9721611793498,867.0899194372819
C001336,3228.012202047871,3172.023686923292,55.98851512457895
C004525,1913.8192538958656,2320.792015031674,406.97276113580847
C001339,562.9655860254717,187.178503572205,375.7870824532667
C001407,2941.0934317261463,3912.6771665207693,971.5837347946231
C001091,-801.5622336455177,-1184.6539822676111,383.0917486220934
C004210,-116.93720437722732,-1501.2455388277972,1384.3083344505699
C000743,-2473.7194958822047,-2254.5319395269375,219.18755635526713
C002324,-1073.7971207136281,-984.5143437013797,89.2827770122484
C003602,-1764.5728260635437,-80.83128325450713,1683.7415428090367
C002124,-1287.2417736559971,-698.2054721863368,589.0363014696603
C002095,-827.1799402980371,-662.7333739648353,164.44656633320176
C000241,814.7851435645991,1785.2643358870055,970.4791923224063
C002352,2768.6518641335597,4119.4603075923515,1350.8084434587918
C001371,2035.5579832479752,2336.524807169669,300.96682392169396
C001058,-711.412350088134,-978.4762040656063,267.0638539774724
C004817,-273.327388641399,516.899263899483,790.226652540882
C000200,-2466.6201184481524,-3266.5821699632406,799.9620515150882
C002281,-1265.0709405222992,-1072.774544007536,192.29639651476327
C004750,1821.220966313998,1185.1220118790018,636.0989544349961
C002221,1044.7795998757772,1252.9917727276884,208.2121728519112
C004772,-2198.6282401221615,-2353.425203436132,154.79696331397054
C002820,1162.9943512356645,955.1085645664263,207.8857866692382
C003151,-2630.586664530808,-2772.1177530944437,141.53108856363588
C004257,3223.784716922559,2400.241597391859,823.5431195306996
C003108,-5359.609187012593,-5686.917186445812,327.30799943321927
C001974,360.6793502766652,264.8379219505787,95.84142832608654
C001376,-2832.5269509230893,-3688.212122071648,855.6851711485588
C003969,-710.6577131299582,-154.65127248575436,556.0064406442038
C004063,2189.5420367806887,2807.397684535131,617.8556477544421
C004446,622.4931603995036,781.6414539707091,159.1482935712055
C003558,1518.9674999308381,763.4970173940044,755.4704825368337
C000965,969.6054801578655,288.40089239985883,681.2045877580067
C000180,634.8765603276513,709.1675616779748,74.29100135032354
C003699,-867.5345668943187,-266.31747975524485,601.2170871390738
C003822,2616.6711495259715,2712.294732479829,95.6235829538573
C004879,39.54116245866476,-459.55873860808276,499.0999010667475
C003900,522.2982836108096,67.45426796572809,454.84401564508147
C004488,-1090.9581738434363,-632.5343275175481,458.4238463258881
C003239,385.0945225468489,-306.594885258871,691.6894078057198
C002975,-1305.168674199777,-1599.2186038981417,294.04992969836485
C003581,1865.7589955503436,2242.8115096864544,377.05251413611086
C002888,-892.973662060314,-1048.8118839244146,155.83822186410055
C002576,3095.0664871822473,4131.490113981499,1036.423626799252
C001420,-493.10150039508414,-1590.4147913479226,1097.3132909528385
C003908,1040.5002783534499,895.3244906028987,145.1757877505512
C004674,10.279979911591454,-1033.6230206606888,1043.9030005722802
C004903,893.3197834328903,593.0596420318756,300.2601414010147
C001861,1514.1338394569639,703.0661700038445,811.0676694531194
C000009,-1923.9870183810501,-1840.6770704628277,83.3099479182224
C002895,-423.65310958092823,44.62073142906736,468.2738410099956
C002848,1791.1660122029157,726.4403532280929,1064.7256589748226
C003665,2824.1552681734247,3565.209835272404,741.0545670989791
C000145,-889.144267151836,-712.3029973457112,176.84126980612473
C002105,-1093.4931209653987,-282.1194957864045,811.3736251789942
C003144,115.42477477539643,522.7668103711162,407.3420355957198
C000842,4570.806152286796,4545.570350641503,25.235801645292668
C001129,1428.918838316697,1524.813907158407,95.89506884170987
C000152,-3527.034077823905,-2513.848747778845,1013.1853300450603
C003592,-2546.548218991059,-2121.085356589768,425.4628624012912
C001053,229.6693679532366,136.15336142677785,93.51600652645874
C001591,-800.0917434747748,-1714.0691013740384,913.9773578992636
C003009,2019.7543367672922,2668.0233689426937,648.2690321754014
C002030,634.7939356475524,543.4944302137278,91.2995054338246
C003419,-1910.610392584051,-3744.559737848115,1833.9493452640643
C001808,-3246.343503226185,-3160.8439091163336,85.49959410985139
C002697,-2617.1654515379414,-1733.0565077552774,884.108943782664
C003040,741.9348027991531,518.1210344798485,223.8137683193046
C000473,1221.4473032645774,1062.5088099128504,158.93849335172695
C003290,313.7175082818683,1247.4475573945567,933.7300491126884
C004075,-4350.588749929346,-4427.678199437537,77.08944950819114
C003497,-1879.3811300205202,-859.8040228717772,1019.577107148743
C000280,708.454553115685,724.5012459493618,16.04669283367673
C001742,2083.193708562166,653.7706015103909,1429.4231070517753
C004625,-1032.4582936892639,-1201.1206830002989,168.66238931103499
C002887,-654.7900396610446,-580.663281439446,74.1267582215986
C001942,4208.34426721626,3381.283927244614,827.060339971646
C000101,471.4881497803757,595.0906903436812,123.60254056330552
C002805,-968.0112524633506,-1635.6140473200687,667.6027948567181
C003571,-219.0064920974486,-1080.4459126941367,861.4394205966881
C003685,1524.2895798575933,2040.4769716433693,516.1873917857761
C003662,-4185.442583238866,-4691.444327445023,506.0017442061571
C000531,1107.5518241208472,1203.6149381976786,96.06311407683143
C001887,-957.1176145391444,-26.348036989103207,930.7695775500412
C000682,-1355.9448869081352,-1216.8768570385023,139.06802986963294
C003795,360.7434574514152,-498.74813527082216,859.4915927222373
C003945,-3048.5150572128614,-1906.3783660275446,1142.1366911853167
C004667,317.38937246457556,63.62946455949045,253.7599079050851
C002019,-630.1460780970656,-791.3692273636965,161.2231492666309
C001097,-159.15877848731307,-249.33859547902452,90.17981699171145
C000830,-954.3989431828062,-1209.4671750414882,255.068231858682
C002806,-1698.109353898862,-2820.3835940146637,1122.2742401158016
C003830,-473.45148363911835,-814.6610227502051,341.20953911108677
C004382,-3495.831619610679,-1203.9945113584708,2291.837108252208
C003892,9.983678049311493,-270.820119156704,280.8037972060155
C000765,-295.9278955758419,-782.5915477730373,486.6636521971954
C002768,-3330.425908194289,-2117.1428041101753,1213.2831040841138
C004329,536.2413730913233,82.39051226919761,453.8508608221257
C003296,940.2915812453898,1720.6490632853636,780.3574820399738
C002195,-1793.6459877510401,-1264.103083609614,529.5429041414261
C002358,425.3937314704425,126.43990668568597,298.95382478475653
C003426,1949.263725445565,2595.1445732320262,645.8808477864613
C003980,-69.43706967773369,-86.45392865736221,17.016858979628523
C000912,-1373.004974821295,-512.8988133530422,860.1061614682528
C003146,182.70506856613264,813.0358912672627,630.33082270113
C001000,-1830.3426228494668,-1805.0296638670616,25.312958982405235
C003654,-2570.279162703717,-1941.7106054155975,628.5685572881193
C002484,789.187094289599,1314.2572598761913,525.0701655865922
C004077,2264.9440984468292,2090.0633072785504,174.88079116827885
C002371,574.1176138428881,488.4912369403961,85.62637690249198
C004839,1794.1000739726064,1479.244817283216,314.85525668939044
C000034,348.6538130990374,181.00649694455305,167.64731615448434
C003790,417.6916363774412,-1089.9028058501456,1507.5944422275868
C001021,2368.0216914231514,1491.7578113701895,876.2638800529619
C001648,-1874.3564320972982,-1728.306288956553,146.05014314074515
C000734,2661.415695046932,3546.3156027777877,884.8999077308558
C004583,-189.52395569509656,59.90258587685218,249.42654157194875
C003275,716.6806025760743,-1.307391120716618,717.9879936967909
C001621,-3557.013780268795,-3975.754445701493,418.7406654326978
C003136,2272.772359802413,2175.7274448641606,97.04491493825253
C002690,-1934.6696354238882,-3046.7808506392407,1112.1112152153526
C002708,-2310.2968578261352,-1851.4976207785796,458.7992370475556
C000298,317.9222612505307,-811.2110747949055,1129.1333360454362
C002340,2299.1174802324635,1391.1012045842356,908.016275648228
C000654,2109.6878787335004,1323.6166646403049,786.0712140931955
C003775,1307.9806351136579,-616.7269254544797,1924.7075605681375
C001256,1936.9056400977638,2530.131964013452,593.2263239156882
C004521,1430.9027532115424,843.0343515123782,587.8684016991642
C000231,5528.084245224,4342.858518252321,1185.2257269716793
C003277,-2171.9394715789813,-2680.4257160098036,508.48624443082235
C003231,139.07841653385822,829.9955319852221,690.9171154513639
C000692,-1703.2905257207954,-1294.9089798948378,408.3815458259576
C002755,-5427.085815730817,-5395.653772932987,31.432042797830036
C004864,4546.909897824334,3589.2039791945585,957.7059186297752
C000970,-4552.718804634478,-4032.8676200061386,519.8511846283395
C000634,-3.0233967397089145,-1395.518930576086,1392.495533836377
C004093,93.83973474488982,412.7944284962987,318.95469375140885
C004078,-1326.934076276116,-1819.19164611299,492.2575698368739
C001322,4868.19169423618,4760.993799610237,107.19789462594326
C001832,856.1091701107152,275.2666529527591,580.8425171579561
C002179,3645.918940715473,3553.0066742403724,92.91226647510075
C001418,1188.4988466645575,-108.45683801044862,1296.955684675006
C001783,-2818.5688793846766,-2823.4489985880027,4.880119203326103
C004716,552.3221464335029,1306.1629197112334,753.8407732777305
C004702,1923.096170928088,1789.1578880985132,133.93828282957475
C004119,-1005.0646888588358,-778.0378641154462,227.02682474338962
C001653,4368.041124131441,3859.6058565784565,508.4352675529849
C001484,-5257.4893014721365,-4505.558350571215,751.9309509009217
C002276,-621.1169059412614,-1018.6841057343704,397.567199793109
C000878,769.160560290901,448.9216059162983,320.2389543746027
C003526,869.0179284661156,1304.2141725731494,435.19624410703386
C002017,-711.2620364266326,-720.2223634033834,8.960326976750821
C000427,477.9012127121175,998.7075417901336,520.8063290780161
C000627,2391.653070720893,1589.5161377302172,802.1369329906759
C001590,-2106.019146776252,-1138.9903542779937,967.0287924982583
C002224,-1756.073872682748,-2119.8045112449995,363.73063856225144
C002218,446.06701589517934,-89.52512246388386,535.5921383590633
C004484,1903.3287845098455,2261.629547324744,358.3007628148987
C001486,-1011.4152915166256,-656.0045799970147,355.4107115196109
C001740,500.0399482409521,-467.1993986513988,967.2393468923509
C002481,-3610.425696681771,-3857.8069668391,247.3812701573288
C002585,-656.023260055928,-1367.3272149877916,711.3039549318637
C002894,-506.2194635289503,-603.2988919174493,97.07942838849897
C000150,1047.991501705336,92.9248274894704,955.0666742158656
C000677,-3004.526908310117,-3639.5429520683547,635.0160437582376
C001262,-2487.8349566491142,-3032.8682853453383,545.0333286962241
C004918,-2155.465780570669,-1313.2759758884515,842.1898046822173
C000013,-1586.4975147715418,-1116.5518468871023,469.94566788443944
C001834,-66.2842209607,521.3861559814312,587.6703769421313
C003249,-4302.286121630357,-3739.0300204895075,563.2561011408498
C001492,2682.1660869349157,2000.9619601853638,681.204126749552
C002728,2274.3084022032417,1360.8280115122343,913.4803906910074
C003687,4762.306368603844,3985.561512425845,776.7448561779988
C001425,-4490.05111481239,-5704.670085645575,1214.6189708331858
C004606,6045.648982037697,4162.329711975241,1883.3192700624568
C004596,1128.9840785906974,1898.5960832234416,769.6120046327442
C000732,698.0232107453073,1193.5276763416198,495.50446559631246
C001232,517.9536606719514,761.661978194253,243.70831752230163
C001635,-2380.044992790067,-2424.915715938423,44.870723148355864
C003937,3092.6183939374614,2155.962725791819,936.6556681456423
C001211,904.2650044852035,446.25787257596966,458.0071319092338
C003269,657.0302098474708,-162.44414469449032,819.4743545419611
C001935,-569.5236490467548,-107.51624992946856,462.00739911728624
C000554,-610.4525047431549,60.478192856147764,670.9306975993027
C000492,3959.885629919138,4101.718231440076,141.83260152093817
C002963,1177.4539947349483,-14.636654413245882,1192.0906491481942
C002330,5740.2029823418225,6535.086655889592,794.8836735477698
C002196,-780.6827359175498,-896.0080420341686,115.32530611661878
C003065,-2903.9691824198994,-2452.5679847624933,451.4011976574061
C000658,1807.788558255596,1460.8523678347324,346.93619042086357
C002375,652.5959169492992,320.88184967248407,331.7140672768151
C002226,-2882.6050706892615,-3724.611731106543,842.0066604172816
C004265,-373.7169380970822,-1762.986040233008,1389.2691021359258
C001171,1058.173180970019,931.1360674087016,127.03711356131748
C000133,-1919.7584720634793,-1612.1582748764592,307.60019718702006
C000472,1385.3325244256885,277.5312889325672,1107.8012354931213
C003226,933.4505546626672,2375.1191765727644,1441.6686219100973
C001406,1809.1097197611955,1227.7823890844854,581.3273306767101
C002877,201.37845384033812,-1609.449849916352,1810.82830375669
C004505,-468.99945272099535,439.45757545413767,908.457028175133
C004693,592.3231307310896,1200.33015029932,608.0070195682304
C002827,418.73074110927814,103.2124719754276,315.51826913385054
C000288,-1020.46168643501,-1262.3620809049257,241.90039446991568
C001870,929.0576957640449,535.466314215302,393.5913815487429
C003115,-2560.046772496733,-3278.233726892591,718.1869543958583
C003626,-2381.2763031655095,-1997.8120608551117,383.4642423103978
C002313,-845.7284633075753,97.387118081524,943.1155813890994
C004924,5733.164904288748,5100.931043198724,632.2338610900242
C001619,-1987.4124678653052,-1821.425670379524,165.98679748578115
C000995,-1733.4383436996761,-758.4936585514483,974.9446851482278
C001804,-426.44026939266496,-493.4142902118287,66.97402081916374
C002643,-1326.6066322053152,590.661829199232,1917.2684614045472
C004803,-3699.035769757201,-4116.678972252431,417.64320249523007
C003536,5255.347307169255,4741.442084096118,513.9052230731368
C004832,99.23978453422069,-514.950318025845,614.1901025600657
C003912,574.6289420264727,-186.64593217620933,761.274874202682
C002108,1914.533105978566,2313.134952953626,398.60184697505997
C003045,-778.4282691412186,-675.6402199814792,102.78804915973944
C000417,2803.8532472895163,3097.8642054182124,294.0109581286961
C000978,-1015.312633461006,-1810.574214960324,795.261581499318
C002418,-1338.1419151956834,-622.0097462337665,716.1321689619169
C000506,482.50282591983216,845.2473712672892,362.744545347457
C004153,446.51234504481823,553.1509926389228,106.63864759410461
C004256,330.5877970558495,332.6715283839463,2.0837313280968033
C003942,2856.8836841136927,2929.077467388817,72.19378327512413
C000415,2438.033259474165,3043.699363022834,605.6661035486691
C004149,189.54283681382407,321.4949108601016,131.95207404627752
C001184,1718.5498312753675,1786.3087118324368,67.75888055706923
C000486,-445.5637877450144,-804.1973028550261,358.63351511001173
C000894,-1609.300819944402,-1519.1194738103354,90.18134613406664
C000806,3439.5919855871643,2852.3232436751737,587.2687419119907
C000556,2444.302457863018,2646.308889749457,202.00643188643926
C003826,-1780.3611652144668,-2431.571293455737,651.21012824127
C001198,-1440.0487068495408,-1040.8753222278233,399.17338462171756
C004254,1516.374968904875,1838.7875444889637,322.4125755840887
C004059,-1820.8166128240437,-863.966569167842,956.8500436562017
C001294,599.0173208946112,-537.2233766125094,1136.2406975071206
C002222,-911.6931625510795,120.2209315131148,1031.9140940641942
C003505,2358.136298927022,2830.7173247415158,472.58102581449384
C003655,1856.8555751398073,1365.556518489011,491.2990566507963
C004759,-1125.1482130703134,-384.8283284342282,740.3198846360852
C003007,4675.368476507195,3516.791185464437,1158.5772910427577
C002094,970.8987661414623,928.5586972252675,42.34006891619481
C002188,879.9122907653418,556.1511256292227,323.7611651361191
C003037,-1151.9560032405607,-1199.142767637945,47.18676439738442
C003919,-2649.026903104731,-1939.6412933274821,709.3856097772489
C001273,810.332968861151,681.2488751988377,129.0840936623133
C000291,-1621.1471257201224,-1482.6512727814013,138.4958529387211
C004828,-668.1008837741881,-177.5133089331222,490.58757484106593
C000253,385.8992548495546,-481.6224753858638,867.5217302354184
C003246,2161.3517438991776,2085.712965289179,75.63877860999855
C000351,-377.23105818015495,-989.5336059227046,612.3025477425497
C001188,-2439.624881573497,-2330.7328716184734,108.8920099550237
C001962,1270.8363305639825,1973.2782232239413,702.4418926599587
C000423,-4620.986919040427,-4520.492622832554,100.49429620787305
C000091,2270.2235856427114,2973.5077630119117,703.2841773692003
C003730,-4677.238314938075,-3514.5561414963936,1162.6821734416812
C002237,1530.6236011157407,369.578211865428,1161.0453892503128
C000671,-164.6162418415587,-125.32806830197072,39.28817353958797
C003041,-556.9182786701089,-1376.258138185416,819.3398595153072
C000027,-2937.4153237098367,-3194.8499632005446,257.4346394907079
C000430,-2043.6416153373812,-2425.8042982621155,382.1626829247343
C000684,218.76730636614496,-492.19956358444006,710.9668699505851
C004464,-457.352497478289,-41.72809508860944,415.6244023896796
C003946,-597.3135719714903,-646.8912506925542,49.577678721063876
C003524,-47.19549475143515,408.0264436045229,455.22193835595806
C001542,-1307.242687047129,-1053.6543692736425,253.58831777348655
C002032,3445.2040105118526,2765.8241106296014,679.3798998822513
C002233,-3.771366633130185,1421.7527777982434,1425.5241444313735
C004121,1510.0556547661097,2623.700208529549,1113.6445537634393
C003236,1499.4546633875657,2428.021814654479,928.5671512669132
C000255,-1577.0109683478058,-1886.0666675249317,309.0556991771259
C001030,1949.1796922333656,2986.5637179699256,1037.38402573656
C004393,-1190.7529440181197,-2185.6466900855567,994.893746067437
C003801,3458.685292903876,4403.467389263902,944.7820963600261
C004311,2374.76869129215,2370.474795534372,4.293895757778046
C002510,-1935.0760291666943,-2331.9345116801555,396.85848251346124
C002293,-1275.0670932331332,-342.454634150448,932.6124590826852
C001324,-2370.2973069992545,-2261.3843568171555,108.91295018209894
C001551,-666.1505421134755,-1225.0783767380292,558.9278346245537
C004648,-4112.786678725648,-3559.2258264316133,553.5608522940347
C000316,-2393.6258553494795,-1209.1899807977852,1184.4358745516943
C001243,-2122.411696149527,-730.5475911727065,1391.8641049768205
C002451,-152.85798794755465,-1150.0761722481332,997.2181843005785
C001579,-730.5172184793626,-755.895110097725,25.37789161836247
C004626,780.4115794725354,1188.7739277533828,408.3623482808474
C003117,-2558.2461386976274,-2163.8871470166723,394.3589916809551
C000070,705.7759586595939,146.32644689742597,559.449511762168
C000860,253.07531057533015,1977.5322349361368,1724.4569243608066
C002754,-363.4802008428138,1313.6277138086552,1677.107914651469
C001633,-1980.818474065341,-2045.7553033489603,64.93682928361932
C001651,795.3846789757869,597.7392453977212,197.64543357806565
C003861,-2498.797663626857,-1594.9739464087481,903.8237172181086
C003107,3442.7509517136214,3010.3503356878396,432.4006160257818
C001075,1288.0262527421892,728.391315804218,559.6349369379711
C004002,-2234.17882562331,-3245.098658182656,1010.9198325593461
C000788,-2170.2730279970956,-1976.4001613763219,193.87286662077372
C002606,-2780.845534442649,-2529.360483162418,251.4850512802309
C003631,-2018.5600556917516,-2641.559207456939,622.9991517651874
C002122,-1036.2688577261708,-1227.612058027996,191.34320030182516
C001875,-1161.3083336995824,758.0251342323644,1919.3334679319469
C000812,-1383.6146700461109,-781.2397402004401,602.3749298456707
C000388,1120.4084534310539,1578.8389589140627,458.4305054830088
C002883,-724.8712755826797,-1189.9342114799952,465.06293589731547
C001176,-3240.9847608654536,-2985.7076600909736,255.27710077448
C003198,1006.3044383626836,2717.58906515908,1711.2846267963962
C002624,-863.1029477660913,-710.323855317339,152.7790924487523
C001352,-488.3605773590617,921.4071829618393,1409.767760320901
C000411,-89.89217973597624,-1203.2160969390234,1113.3239172030471
C004213,2605.0998881500636,2673.9108281380027,68.81093998793904
C000110,3441.220542473987,1927.1778631784239,1514.042679295563
C004996,-1989.3357700302545,120.90293674005684,2110.238706770311
C003430,-1192.4227829796619,-1122.928587848786,69.49419513087582
C002810,175.86795441563595,-465.27204227617386,641.1399966918098
C002595,-1006.8219797857232,-528.7555173129836,478.06646247273966
C002837,-1707.6900322797046,-792.1235457634504,915.5664865162543
C002373,-3548.7186054253166,-3565.3644527983474,16.645847373030847
C001236,3416.397209969782,2066.7631717832915,1349.6340381864907
C002147,-111.38707519765592,-1261.5690732484907,1150.1819980508349
C004976,-3924.836449726817,-4634.042296427721,709.2058467009042
C000600,1307.6599233144552,2708.7928177597046,1401.1328944452493
C001435,-1335.5100240297058,-1878.8408765391446,543.3308525094387
C004997,516.3864806423837,886.1346055275966,369.74812488521286
C000539,2199.0227409852578,2731.5499489077815,532.5272079225238
C000722,2191.815168380097,2903.5143064510034,711.6991380709064
C004411,1958.9986051738706,1846.9058785603122,112.0927266135584
C001873,-597.1937324885139,-1360.8608484105412,763.6671159220273
C002846,1533.1103680746774,1901.7162564080143,368.6058883333369
C002054,915.2588719194842,913.8405033461883,1.418368573295993
C002908,2534.507943293036,1170.2614457631869,1364.2464975298492
C002255,1013.3918376690062,1118.2934917545545,104.90165408554822
C003913,-3760.124130286293,-3767.8356872390873,7.711556952794126
C000178,899.4458240279214,213.77374334434504,685.6720806835764
C002891,-2916.5279578931827,-2511.8794407707696,404.64851712241307
C003674,-1276.857908783049,-1242.5645041715316,34.29340461151742
C000081,89.7230023536813,-625.1740443510132,714.8970467046945
C002562,2376.2464690468023,1539.6091835563536,836.6372854904487
C001724,-2390.9266138640132,-2258.4974864120377,132.42912745197555
C001618,1462.689002224926,852.3231450863468,610.3658571385793
C001655,2591.278375507843,1832.7527825023292,758.5255930055139
C002329,1839.0274432482286,2009.9026165329785,170.87517328474996
C004614,-3532.4002900257656,-2705.6077848319514,826.7925051938141
C000222,917.1283360617841,404.8267548523987,512.3015812093854
C000094,2062.3331607990303,3015.282876644281,952.9497158452505
C002610,4385.326876508698,4629.6681295420885,244.34125303339079
C003383,3130.2511778584567,2018.2285343467574,1112.0226435116992
C004416,331.2873401686818,464.5519352303702,133.2645950616884
C001398,1077.1614485389541,-227.3984833554778,1304.5599318944319
C004687,233.08062828030796,1104.9275173752687,871.8468890949607
C001293,1650.4641597223103,777.3869231991717,873.0772365231386
C002165,2243.304726552261,2707.2158975525326,463.9111710002717
C002940,-507.8963063169167,-456.1656439416991,51.730662375217605
C003669,-489.53483976142195,164.81900660652354,654.3538463679455
C000813,606.6236718548982,633.3957028882766,26.772031033378312
C001259,-888.8970955627544,-1632.6346282136003,743.7375326508459
C000890,1424.476685964073,609.4627381554005,815.0139478086726
C001452,746.0457378589725,-1039.2277429509193,1785.2734808098917
C003317,-2610.9221423088393,-2300.3975424421574,310.5245998666819
C002560,651.1402001932502,745.7381024848986,94.59790229164844
C003575,-1335.2584815891937,-717.1578253294031,618.1006562597906
C002681,-818.2276059506274,-1168.6547464009745,350.4271404503471
C004652,-1396.230072346861,-72.47253371576016,1323.757538631101
C004812,-1314.7035214879231,-217.09152551425052,1097.6119959736725
C004680,-1271.4486683143684,-2010.3101772186667,738.8615089042983
C002965,-729.0567069345645,117.50048243962223,846.5571893741868
C002673,1351.0244546714712,678.0467961878437,672.9776584836275
C000562,-1873.712658014359,-1824.0710999577439,49.64155805661517
C002779,3033.3883219285167,3321.4705221665563,288.0822002380396
C002949,-1466.9657324261634,-1314.568714078783,152.39701834738048
C002818,1720.6617501267335,913.90714070905,806.7546094176835
C002759,-794.7748059724283,-980.4923464396796,185.7175404672513
C001757,295.4065193466438,-668.6840108781195,964.0905302247633
C000725,-678.7626784076183,-393.503254077048,285.2594243305703
C000220,-516.0504219397128,-66.0729566499923,449.9774652897205
C004140,671.5539780901904,676.0496983885972,4.495720298406809
C003958,-2953.7307306245266,-1536.3078567516654,1417.4228738728611
C001589,-1295.356935944459,-1507.0639959196926,211.7070599752335
C003348,-1098.1661167453626,-1395.6908834009694,297.52476665560675
C003971,-3134.7860260186417,-2446.0197413029027,688.766284715739
C004708,229.32719280335039,-87.51744382457531,316.8446366279257
C000044,660.4061855599565,585.2321015830129,75.17408397694362
C003002,1029.145991898628,1937.8011431110674,908.6551512124395
C000211,-456.4138735779472,-867.4288520462487,411.01497846830154
C000678,2339.846785323596,2049.8921592170004,289.9546261065957
C000355,896.8942760457111,595.65348706501,301.24078898070104
C001434,1679.6958881225678,1702.6462577021575,22.950369579589733
C000950,2042.3809908539038,689.1220504881504,1353.2589403657535
C002844,2299.53491464541,797.4272971520809,1502.1076174933291
C000578,4529.784583742274,3848.177890613118,681.6066931291557
C003929,-906.834678487035,-1477.5316960604498,570.6970175734148
C000545,-2626.0384421467293,-3201.153038144891,575.1145959981618
C000368,1908.9726774382939,286.40592669238384,1622.56675074591
C001613,183.26840371409276,1243.0118968527008,1059.743493138608
C003551,-3238.3988936714695,-2478.8681195145614,759.5307741569081
C003717,2420.38290862065,2485.9384123982463,65.55550377759619
C003780,2569.7196340789287,2434.888931804094,134.8307022748345
C000136,2812.3501235313315,3416.7710039282247,604.4208803968932
C004481,-186.46292077918247,-1035.7555600302055,849.292639251023
C001438,-1257.423732513651,-2083.723095175542,826.2993626618909
C000048,-257.2054562039581,-322.3078597617621,65.102403557804
C001361,655.0571756278268,929.3247918714364,274.2676162436096
C000735,-1637.124865529796,-900.4866730174095,736.6381925123864
C001535,3358.5976753786163,2684.165708161923,674.4319672166935
C002005,-920.6382880696883,-1970.2935987357753,1049.655310666087
C003796,316.06883387916787,179.2788437453713,136.78999013379658
C002520,-2108.994751409994,-2091.1275711827125,17.86718022728155
C001973,3073.1379764639705,2343.8700012903437,729.2679751736268
C000997,1073.4525911812502,1468.5204529636187,395.0678617823685
C000062,-845.2369314431394,-373.0722575218006,472.16467392133876
C001109,-192.7951672830776,1090.302060421769,1283.0972277048468
C002406,1357.9511673619065,828.6767369369045,529.274430425002
C000096,139.78530553075677,-338.8115713754991,478.5968769062559
C000479,-258.5892627526508,-1059.023494823792,800.4342320711411
C004360,273.4258805896096,310.87939709259126,37.45351650298164
C004113,3946.653284985169,2279.9037741194084,1666.7495108657608
C003708,3615.095303357889,3824.472914525044,209.377611167155
C001102,-2151.7586987961613,-2016.971466419569,134.78723237659233
C002747,-1119.8150285721997,-864.04709152086,255.7679370513397
C002171,-1265.1263108588853,-1863.2743770875475,598.1480662286622
C000323,2049.2026541145146,1850.0300045266042,199.17264958791043
C004255,2336.733878010162,3096.690323993435,759.9564459832732
C003143,-412.6737286985924,-1170.9962289231428,758.3225002245504
C003538,215.6301885334815,797.4613895996185,581.831201066137
C004926,1602.750568674936,1382.0557246300386,220.6948440448973
C002925,5.3532418621019815,139.5178656796331,134.16462381753112
C001150,2445.068683309573,1890.1907109291185,554.8779723804544
C003618,1459.3957995940286,1126.4544542182764,332.94134537575223
C000292,-1716.4080114945373,-463.4206683532754,1252.9873431412618
C003750,-798.318415692098,-619.4620564564663,178.85635923563177
C003587,-566.6484151084088,-75.13763980738487,491.51077530102395
C000534,-2419.927234692771,-1584.3683059301236,835.5589287626474
C003608,-263.8409646244801,727.5334655546548,991.3744301791348
C002649,-4771.1202838574245,-3503.2650403566836,1267.855243500741
C004811,2015.732528778985,2484.3515244060345,468.61899562704957
C001984,631.7568694071795,705.416272831444,73.6594034242645
C002933,1013.5814954350985,794.4910135516395,219.090481883459
C001537,-285.2627327901688,115.97631608291553,401.23904887308436
C004535,-108.9341337094948,192.5291423391482,301.463276048643
C004173,1702.1162495868455,1734.9168787441174,32.80062915727194
C003361,-611.0567380051123,1388.235070250998,1999.2918082561102
C003666,-307.4892864602566,-324.50121902680604,17.011932566549433
C004006,1498.59878417195,1422.756822952479,75.84196121947093
C003627,6353.367699640447,5198.858257297338,1154.5094423431092
C000587,579.8108158807843,-501.23565342249856,1081.0464693032827
C003257,-1803.6483244315527,-1480.7153140197374,322.9330104118153
C002299,1697.0596212660935,1452.763611397292,244.29600986880155
C003989,-772.628818301254,-1483.3385337991604,710.7097154979064
C000585,-3389.679358885948,-2085.7025171100427,1303.9768417759055
C002424,884.3008105683382,777.9570543422733,106.3437562260649
C001392,135.25875832254553,383.62118083814073,248.3624225155952
C004526,1954.1596828063064,694.8849243401986,1259.2747584661079
C004921,-591.4081007097575,-1529.1631710853244,937.7550703755669
C004801,1655.1163776864184,1061.0102170927576,594.1061605936609
C003241,-1959.0890191173871,-1269.1785148434294,689.9105042739577
C004282,1516.0538165280864,-32.22041400994601,1548.2742305380325
C003339,-1411.1055737052159,-1267.2522895010243,143.8532842041916
C003221,1218.3758630065604,715.027783539185,503.34807946737544
C002112,439.0498964582472,-164.7782442000516,603.8281406582988
C001175,-960.3361670773825,-1575.6671499867757,615.3309829093932
C004863,-2842.8486541629154,-3464.452889290213,621.6042351272977
C003812,3185.6162063316083,3233.5447967451983,47.92859041358997
C001868,1000.7376550832432,-437.4377654845416,1438.1754205677848
C002615,-771.4493729472321,288.99863245336894,1060.448005400601
C003867,-2361.1257194670275,-1320.1849146177851,1040.9408048492423
C004886,-2016.528394611654,-3019.0302798564644,1002.5018852448104
C003779,939.9563807135148,1116.0969113940264,176.14053068051157
C003847,309.03447316885905,289.4805420842752,19.553931084583837
C002417,2178.4100915663767,2089.329047305098,89.08104426127875
C000071,-796.6189057361598,-921.9795635111061,125.36065777494628
C004881,1938.5387708262738,1029.4247645240978,909.114006302176
C001127,-914.1582219915227,-152.27054966558669,761.887672325936
C004025,492.7403511417921,768.6899562167971,275.949605075005
C003251,2781.081140410858,3120.485574469567,339.40443405870883
C003902,2977.848942502625,3416.8995457284027,439.05060322577765
C001096,2057.226689562416,1291.986697026662,765.2399925357543
C004546,-3259.2585379585244,-2503.506397769337,755.7521401891872
C001213,1945.4879511693084,2151.2979671489984,205.81001597968998
C003922,-2577.8993166199853,-2677.8681251487683,99.96880852878303
C001426,3433.7822130542677,2300.4455585450974,1133.3366545091703
C003067,1695.9418960964977,1775.8179849909484,79.87608889445073
C004520,2292.132140635863,1538.830357234878,753.301783400985
C002101,-1864.8797379714333,-1566.997308956901,297.88242901453236
C000808,-455.7291772408684,340.650746506538,796.3799237474063
C004744,-4531.213855426051,-4125.66191702293,405.5519384031213
C003751,-24.32982403885464,-189.91028077519124,165.5804567363366
C001363,-1403.435105235925,-1632.9203166126604,229.48521137673538
C002318,-2836.0398320823087,-2308.8595159273787,527.1803161549301
C004582,-998.4481690242594,-539.4720810651212,458.9760879591382
C004742,-1447.4104949523244,-965.1192785487784,482.29121640354595
C001026,32.43540723281596,-586.3393392596372,618.7747464924531
C003110,2763.9171332622336,3156.770559693549,392.85342643131526
C002111,-1649.158089469856,-1046.7938718233947,602.3642176464612
C001042,-491.95465476044785,530.9669208072362,1022.921575567684
C001877,973.9436359997067,1514.2187846869522,540.2751486872455
C000882,-1668.5636937968202,-1309.1355018223358,359.42819197448443
C004300,-1645.946101454285,-1068.7593159253222,577.1867855289629
C001193,-1343.8077318049302,-1867.605335556255,523.7976037513249
C004588,-2074.036058284405,-3036.7511866092245,962.7151283248195
C004511,-3091.588383650496,-2923.491121197957,168.09726245253887
C003671,-5328.069613041269,-4838.470345245392,489.5992677958766
C000625,3920.3288061776607,3231.8352004192056,688.493605758455
C002797,-3293.7936889511725,-3733.421286062146,439.6275971109735
C004292,613.6129654365927,489.76462680752644,123.84833862906629
C004969,-455.64930931791184,934.4520686632101,1390.101377981122
C000234,268.757946084548,500.9571287273477,232.1991826427997
C004567,-740.7569097722699,-823.6176142587517,82.86070448648184
C001663,-932.9699224946673,-609.3785843065295,323.5913381881378
C000416,158.11328366465062,-543.1344793329853,701.2477629976358
C004247,1033.5046438330742,1009.4007543793441,24.103889453730062
C002174,168.5875727128132,-735.019658680851,903.6072313936642
C001457,-1396.6105208372521,-877.6257173998383,518.9848034374138
C000747,423.654069655048,466.19892949486007,42.54485983981209
C000018,1957.5913317537697,1460.615252200601,496.9760795531688
C001201,-1391.1753955243842,-1571.7646843820276,180.5892888576434
C001700,-2681.837355447967,-4273.900941303184,1592.0635858552164
C003254,-2026.4521423186548,-1536.461757978994,489.99038433966075
C000597,866.6698380726826,2137.087070353956,1270.4172322812733
C003227,-2544.981931684343,-3062.7363577122046,517.7544260278614
C004406,1614.7900621112422,1528.4166510747748,86.37341103646736
C004720,-887.7402741027933,342.71567004142094,1230.4559441442143
C001506,318.66213490358155,-219.41083236011286,538.0729672636944
C001413,-88.0799130042738,-60.372725945923854,27.70718705834995
C001966,3771.1549115934167,3708.261275557287,62.89363603612992
C000372,1249.8464188284236,1744.5682861520368,494.7218673236132
C001341,-809.6285362320199,-1066.914865879935,257.28632964791507
C000599,-1909.8048600619693,-2614.0296965636276,704.2248365016583
C000239,-764.8583485263885,-300.93840972362625,463.9199388027622
C003401,902.5779677646989,1036.1891613881774,133.61119362347847
C002068,-8043.146785144006,-6603.036048051402,1440.1107370926038
C000811,1056.2704426129474,512.8933080564273,543.3771345565201
C001095,787.0338835209873,409.2110907811925,377.82279273979475
C004325,-2394.0260677255324,-2537.660890516785,143.63482279125265
C004761,-970.495611445017,-846.0180206450186,124.47759079999832
C003677,-1940.6929079379868,-798.5689829264325,1142.1239250115543
C003465,1022.9337700608552,1556.7538224923019,533.8200524314467
C003104,-1169.0505811175428,-1437.7971036811339,268.74652256359104
C002750,4148.937936717719,3237.1471735086793,911.7907632090396
C002296,2513.1437823743718,3098.3693912655494,585.2256088911777
C004193,1194.8406087304224,2002.6759328701405,807.8353241397181
C003709,2416.6252391566536,2428.442228413564,11.816989256910347
C003019,213.3371947344982,478.643818625561,265.30662389106277
C004253,4278.324326057752,3614.606876876691,663.717449181061
C000804,617.4475419501752,1219.4810611287892,602.033519178614
C004191,-2076.081664710625,-1808.1703214687038,267.91134324192103
C003706,-51.06989171868085,-78.78689940519683,27.717007686515984
C000752,-2039.3579094283778,-2106.3016924261883,66.94378299781056
C004645,707.9497618542268,169.01667994232696,538.9330819118999
C002532,679.9478708664674,421.6544036284203,258.29346723804707
C000622,-1885.438269128003,-839.8180483812636,1045.6202207467395
C002298,-777.3182364804829,-1695.2213401942745,917.9031037137916
C003829,620.5001280163374,-119.9218899845697,740.4220180009071
C000567,3395.431798853202,2861.6745468964477,533.7572519567543
C001136,1347.6480821979803,219.0582758360727,1128.5898063619077
C001205,2456.0012941569885,2675.0753515148845,219.07405735789598
C001048,3464.8922985969316,2261.5973916558523,1203.2949069410793
C000052,-216.39911124596688,617.2759368895831,833.67504813555
C003652,3809.7068694504865,2446.40460353607,1363.3022659144162
C001045,-75.50450879272921,-139.32867645346047,63.82416766073126
C002182,-2065.694100786241,-2357.3589645297984,291.66486374355736
C002689,1223.6497111500555,1383.605625787077,159.95591463702158
C000535,-4327.987219357378,-4046.826876567464,281.16034278991447
C003185,-2277.648694038889,-3161.8973276240117,884.2486335851227
C003858,696.534350673249,644.1772285899265,52.357122083322565
C000444,2414.519954187573,1409.355416181276,1005.1645380062971
C003605,570.5586652230567,533.5039363673552,37.054728855701455
C000196,-200.4101281653151,-939.6940141787273,739.2838860134123
C001116,-810.8453722649379,-448.01771211078017,362.8276601541577
C000766,-13.004244363192129,530.440675521174,543.4449198843661
C001946,2523.721855647713,3328.9971962184,805.2753405706871
C003248,1560.6912236874057,1033.0499215913178,527.6413020960879
C003003,1565.2991810362037,855.4236400763521,709.8755409598516
C001433,67.44411479639544,436.55984778251434,369.1157329861189
C004201,2391.4503496132147,2919.107575705871,527.6572260926564
C003096,-129.16332985817047,-621.1326686118019,491.96933875363146
C002923,-415.30447272349505,-1645.9247725043128,1230.6202997808177
C000645,-102.82057698949585,-285.53537291248074,182.71479592298488
C001050,-938.5663002882236,-1283.4188071946026,344.85250690637895
C003746,2792.4536062357056,3467.7002970549265,675.2466908192209
C004094,653.9358478886516,117.70813634772193,536.2277115409296
C004404,3433.4118184560607,3336.8224013282497,96.58941712781098
C000121,2710.83045847168,2512.6718028624127,198.15865560926704
C002053,-1063.0118020421644,-1267.2983473059871,204.28654526382275
C004259,2098.757572109176,780.7515892092509,1318.0059828999251
C004889,2125.644894485378,1834.9449719644979,290.6999225208799
C004335,3338.5583500877965,3085.365770573505,253.19257951429154
C004692,481.7661026509443,552.508577700575,70.74247504963068
C000135,-5314.1862323673695,-5316.36566975333,2.1794373859602274
C002461,1869.1297002205754,1697.2224989069011,171.90720131367425
C001955,-420.61879276588644,-28.35628844750201,392.26250431838446
C002464,1487.271811340115,660.771891950652,826.4999193894629
C000185,-1312.5931774019464,161.58838436444373,1474.1815617663901
C001393,-2315.4163430376375,-2588.167736175929,272.7513931382914
C002277,2429.9523530843726,779.3491090154133,1650.6032440689592
C000512,774.3958840230621,-169.97115529413787,944.3670393171999
C004730,874.7917855145067,825.2555438680507,49.536241646456006
C004055,-891.7399779876841,-1666.747803518402,775.0078255307178
C003138,2335.3724628958453,3560.3278218512355,1224.9553589553902
C002670,-541.3392464883773,-1400.8944476061288,859.5552011177515
C004774,-2264.258907506489,-1466.3999212746014,797.8589862318875
C004862,362.5303593350322,941.820247199402,579.2898878643698
C002118,2713.2505598793477,1394.1800217189314,1319.0705381604164
C000252,-2299.2891770416863,-1730.1709722789378,569.1182047627485
C003527,1526.6462635209678,458.36438318399456,1068.2818803369732
C003560,2133.5139656398032,1947.6943316810386,185.8196339587646
C004012,-266.70701287734596,-497.23629874302907,230.5292858656831
C001508,-566.0230209355418,67.69801440758019,633.721035343122
C000123,-2324.160907285913,-2529.8324116224044,205.67150433649158
C004260,890.571224249575,967.3519641688134,76.78073991923839
C003334,559.4728739976712,981.8446926044282,422.3718186067571
C001872,-225.6495449266764,-1244.3624199376654,1018.712875010989
C003693,-637.9081322143587,57.50751770710723,695.415649921466
C000568,650.5674060521729,450.0975223843315,200.46988366784143
C001372,-786.545379726538,-166.86130104454074,619.6840786819973
C003186,-16.970151486224495,-512.2729066430237,495.3027551567992
C003956,2323.5518426521203,1878.6956380578447,444.8562045942756
C001057,1504.5912377886975,1810.6512141070664,306.05997631836885
C000857,4580.870215729515,4266.4704640977,314.399751631815
C003839,-1513.0088827158725,-1558.6633411498315,45.65445843395901
C002861,298.44158345320176,-92.21318980991256,390.6547732631143
C004770,-1458.2944923930463,-2483.955586923869,1025.6610945308225
C000777,-947.5085102499426,-1240.1075871637447,292.59907691380215
C000721,-2148.256792429923,-2752.9678829307277,604.7110905008049
C002711,-1575.369420805253,-952.6112068498408,622.7582139554122
C002655,-455.36669252040474,-358.7957520091573,96.57094051124744
C004878,-2377.7487522573147,-1713.1835771287062,664.5651751286084
C000603,-4577.087618230159,-5190.502482698402,613.4148644682427
C003823,3557.9788988697383,2456.0049199883574,1101.9739788813808
C001245,1540.1263423420974,1955.0754000177003,414.94905767560294
C004846,-1865.968194675084,-1685.9509520693507,180.01724260573337
C004842,-1147.8830995539397,-607.9035642982307,539.979535255709
C000319,420.6594521566291,-148.48151755727469,569.1409697139038
C000829,1739.7933729598537,2489.217062742942,749.4236897830881
C003264,-4953.862752491254,-2589.5435815658775,2364.319170925376
C000275,-1399.109650371179,-1407.2829030133462,8.1732526421672
C002665,45.424519486169146,-183.51516397528206,228.9396834614512
C000550,4328.219922187155,2940.5789848693908,1387.6409373177644
C003642,-424.05372925710094,-1360.6672115140584,936.6134822569575
C004054,-4833.271428136157,-5432.92992136169,599.6584932255328
C004893,671.9914738127184,-410.9634940599023,1082.9549678726207
C002935,-1117.8411579559647,-2200.8501612816617,1083.009003325697
C000606,-475.1544904782749,-639.1304663683063,163.9759758900314
C000897,3417.545303924181,2288.6305824085543,1128.9147215156268
C000528,-1584.859779630647,-1249.84021564301,335.01956398763696
C004608,-736.543167579059,-659.8653664268397,76.67780115221922
C002348,3270.201058811386,2425.56851406329,844.6325447480958
C003440,-2114.042532528955,-1709.146961133728,404.89557139522685
C004999,-2982.0105189778087,-3712.379556972423,730.3690379946142
C004827,-2701.1847242801155,-3295.3591852920513,594.1744610119358
C003923,4165.010027108437,4942.451472185493,777.4414450770564
C000299,-1885.3250786130498,-1296.8181835433422,588.5068950697075
C002120,5510.4475741537,4684.94518781152,825.5023863421802
C002537,-321.3765302067705,-406.55073700734374,85.17420680057324
C004204,682.5981608106267,109.14032028552376,573.4578405251029
C003255,-561.251822131203,-1339.0443464472858,777.7925243160828
C003726,284.18520898630914,1553.0607510730654,1268.8755420867562
C001261,-4035.229021320736,-3430.520832882323,604.7081884384133
C001559,-633.7276643811304,-1854.1362439615903,1220.40857958046
C003270,2052.6710737074563,1530.720480953004,521.9505927544524
C004047,-848.2724982890056,435.393518461375,1283.6660167503805
C000757,2491.782208107549,1719.5991698324076,772.1830382751416
C001011,1807.1553967601308,1839.71715344973,32.56175668959918
C002795,-2901.7131894032686,-2796.6238962770653,105.0892931262033
C002906,-704.601453212018,-1532.3967947491296,827.7953415371117
C001871,-2436.1342574604114,-3137.503885419309,701.3696279588976
C002230,2200.375386691164,1920.2455314293734,280.12985526179045
C001174,628.4129822377404,-33.6342747346545,662.0472569723948
C001833,3578.8740957260015,3774.18767227932,195.3135765533184
C000377,2335.5305833228713,2110.08396200488,225.44662131799123
C003854,2016.1624602347295,1140.7599677710984,875.402492463631
C003617,1006.1501649608158,1618.1830000191605,612.0328350583447
C000799,-980.3278827674608,-473.26043066756336,507.0674520998974
C000379,4208.292421652034,4001.4096227843183,206.8827988677158
C001159,-932.0386439731918,-765.9355351249135,166.10310884827834
C003820,3256.8324545116257,2499.0948728747912,757.7375816368344
C002793,-987.7815681133166,-456.47374401358366,531.3078240997329
C002241,2849.430249389272,2526.054536555503,323.37571283376883
C004036,-420.15211669731195,-1441.8090819750194,1021.6569652777074
C002663,-631.258767123943,-1572.6409779785915,941.3822108546485
C004013,736.4843802634767,1525.1585579815103,788.6741777180335
C002958,-1051.492385324761,-55.96504507207675,995.5273402526843
C003928,-1377.5046398646737,-1202.8007967626208,174.70384310205282
C001039,3909.01457108869,3194.4740091912677,714.5405618974223
C003260,-2630.377229781258,-2686.0624270374224,55.68519725616443
C001345,1311.754069536686,234.22357919912966,1077.5304903375563
C002506,-1178.6731065123067,-1777.7187597374943,599.0456532251876
C001722,120.72288072676065,1332.2887374594482,1211.5658567326875
C004664,2681.597078247817,2130.2919808496627,551.3050973981544
C000176,-2851.6804308285064,-2758.8784330307617,92.80199779774466
C004894,867.9536251198666,1284.2919530781526,416.33832795828596
C001910,-468.18579096134704,297.6722114429909,765.8580024043379
C000046,526.8117652705365,187.72149080137737,339.0902744691591
C003410,-2129.455496870555,-1792.865045421489,336.5904514490662
C004675,1944.5757658431316,653.7355242654519,1290.8402415776798
C001076,623.4511049299765,551.4272987944844,72.02380613549212
C002830,-397.2628676969414,285.34537056663794,682.6082382635793
C001505,-1305.081600664539,-18.447513406861646,1286.6340872576775
C002310,2617.825495119704,2005.1975941279259,612.6279009917782
C001437,-533.8569700347518,92.07275409055035,625.9297241253022
C002419,631.595331234042,1036.6123758281776,405.01704459413565
C003987,1805.2600364309205,1028.4004884021303,776.8595480287902
C003099,2900.8541934445875,2151.444736993801,749.4094564507864
C004589,1949.8124012797828,1045.5589344777266,904.2534668020562
C000284,-1051.619538949462,599.3127323959842,1650.9322713454462
C004919,-1292.2959474972463,-1766.8426930079313,474.546745510685
C000843,-131.18641758213948,-489.0340815151706,357.84766393303113
C001514,-374.59480754973447,441.5695725525638,816.1643801022983
C001169,-687.4078760056825,-758.4125783504652,71.00470234478269
C001593,506.92573725888013,592.9806465114658,86.05490925258567
C003461,-3019.7032230860295,-2428.4146777382325,591.288545347797
C003166,1641.5546492943113,752.5165596096156,889.0380896846957
C002285,4213.692807021644,2887.144630237403,1326.5481767842407
C003576,-36.99802697066502,673.0410309205052,710.0390578911703
C004871,1217.1528842841735,-250.2916244842798,1467.4445087684533
C002306,-290.63159325031495,198.29380042794787,488.9253936782628
C000953,-3019.0776420533307,-2497.663215061968,521.4144269913627
C004943,-42.66653975178434,335.6604635598775,378.3270033116618
C003054,2164.202375028142,2432.6916167385984,268.48924171045655
C004560,1512.1048981540791,1623.9465735092135,111.84167535513438
C002686,1957.3312240798232,2583.5739385580287,626.2427144782055
C001490,379.7272998788295,367.6090031025024,12.1182967763271
C000928,-1513.0006210902284,-212.23591685245535,1300.764704237773
C001210,1424.4754647034263,1006.0476501596579,418.42781454376836
C003974,1998.9479295476572,1212.323644873034,786.6242846746231
C003546,475.61630992752555,1519.9451245491011,1044.3288146215755
C004362,181.69703468087636,-348.0296988966813,529.7267335775576
C001922,1865.1364768381627,1578.5068926309877,286.62958420717496
C000352,-883.1523399577338,6.894218550561185,890.046558508295
C004899,901.3975149606974,1296.7887625179367,395.39124755723924
C003394,-852.2070574959014,-731.7173685964515,120.4896888994499
C002722,3445.4880905867817,4410.534145782613,965.0460551958317
C004982,1925.0776957590667,2702.5541646508955,777.4764688918287
C000719,-26.284180189434664,169.87957126026689,196.16375144970155
C002703,2460.1489548602394,1189.1073158740187,1271.0416389862207
C002723,-1634.2019216116737,-1124.0637421029717,510.138179508702
C004562,3178.701131683597,2795.3422275343896,383.3589041492073
C000309,-1550.261505918424,-1144.776333520615,405.48517239780904
C001676,-5110.3137293781365,-4067.221690981323,1043.0920383968137
C000834,246.5318590496021,-39.06649983322944,285.5983588828316
C000367,1537.778641779853,1397.4235082931193,140.35513348673362
C004507,2650.2413822556637,3204.5293343568283,554.2879521011646
C002079,1434.6401244973367,954.0035965868042,480.63652791053255
C004039,2235.2891940122054,1927.1608502191139,308.1283437930915
C004847,802.338358541999,12.974881110696874,789.3634774313022
C004480,2954.0611041474936,2461.9818129487694,492.07929119872415
C001747,-2704.106980369048,-1881.2289802754108,822.8780000936372
C000020,3769.2898458524032,3098.637240270343,670.65260558206
C001323,1501.193268521274,1560.5256089695604,59.33234044828646
C003568,2114.689719438056,2505.6142585309112,390.9245390928554
C002522,-5365.2314023044155,-4757.634479205916,607.5969230984992
C000219,-431.25074456969924,-1473.9993485642108,1042.7486039945115
C001488,495.117750781599,778.5895331346742,283.4717823530752
C000439,-69.9632512805215,79.40425319377911,149.36750447430063
C004175,-1947.3549899659124,-1754.4465584180864,192.908431547826
C002751,-728.2040945736129,-696.1499488206151,32.05414575299778
C003289,-630.9995536918105,394.756360290796,1025.7559139826067
C003434,2129.9525437977886,1821.6508250817712,308.3017187160174
C002526,4674.124239465657,4214.615345949656,459.5088935160011
C004651,2488.1233754144378,2449.178764307202,38.94461110723569
C003689,-1343.6712072889627,-390.2633133466075,953.4078939423553
C002764,1003.3783836787143,276.5543395605558,726.8240441181586
C000803,-1553.6607936256837,-937.8318700201709,615.8289236055128
C002998,2293.5879170824855,1433.691362726771,859.8965543557144
C002229,-773.8500172376192,-1386.2159095166228,612.3658922790036
C004786,-146.13160919487643,-1058.6242536919428,912.4926444970664
C002078,-1921.0590838796516,-1946.8531014058267,25.79401752617514
C000583,-91.20178011656598,146.6580798768706,237.8598599934366
C000204,433.21232278081584,252.96688483967446,180.24543794114138
C004347,1290.3190531930886,1225.9129055573337,64.4061476357549
C003479,-1020.0768656914624,-759.2104596764883,260.86640601497413
C002930,1788.2605498069847,1948.1488759184294,159.8883261114447
C003086,807.5046000986898,398.4836858474552,409.0209142512346
C001019,3127.752737886309,4234.029676386833,1106.2769385005236
C001584,170.84449980185593,-364.359713733765,535.204213535621
C001033,1867.0002584590038,1195.1062670232754,671.8939914357284
C001719,1440.9379040058418,529.5459313761737,911.3919726296681
C001282,-4256.947494494919,-3156.1398863080994,1100.8076081868194
C002499,-4621.746471010591,-3630.124463585735,991.6220074248563
C003351,1003.814488123318,769.8394350197526,233.97505310356541
C000518,553.9597881970842,444.4908401132824,109.46894808380182
C001748,1612.1323873046163,1529.437531213265,82.69485609135131
C004653,-2184.7204179462656,-2363.313771921996,178.59335397573022
C003733,-1346.019025758307,-891.6622754712397,454.35675028706726
C000669,272.2848973885543,215.3617144826788,56.923182905875535
C004060,95.67983242199932,-739.6416152576709,835.3214476796702
C003027,1524.8277134816856,1114.6337661653456,410.19394731634
C004933,1017.0330484019335,543.195361100917,473.83768730101644
C003287,-256.5711194579071,-249.61628749003754,6.9548319678695805
C002651,-2111.5871634753553,-1531.3272289034494,580.2599345719059
C004454,3156.0798633218606,2791.596324646225,364.4835386756354
C003193,353.019959186453,541.8430495455844,188.82309035913147
C002125,143.49490201499367,439.2204676906824,295.72556567568876
C003376,-1109.113664888569,-1594.1830656800169,485.06940079144783
C003393,-1106.4133085205463,-1549.6586007038732,443.2452921833269
C003486,-4377.620521504195,-3771.1367353955125,606.4837861086821
C000760,-3923.728670723401,-4202.08983094752,278.3611602241185
C003380,589.0996128119323,739.7656175319839,150.66600472005166
C004441,-2423.7396684024625,-1538.9299581620712,884.8097102403913
C002527,-2066.36425030994,-2231.541696470619,165.1774461606792
C004859,2772.1759549340186,2497.010507127658,275.1654478063606
C000908,-971.2377985689359,-672.9817083531105,298.25609021582534
C002684,1376.3659281320106,1612.1873869997555,235.82145886774492
C000215,-2504.4584150844594,-3452.3602995573583,947.9018844728989
C003332,-1182.0562754987845,-917.5213704748209,264.5349050239637
C004459,-1283.0211233132093,-1225.2982251822427,57.72289813096654
C000694,-879.9658022622777,-1200.7364868815287,320.7706846192509
C001504,3585.9790353824287,3356.3518342224493,229.62720115997945
C002415,539.2193156007645,493.9593421197522,45.25997348101231
C002119,3362.9002099779523,3126.3762881047574,236.52392187319492
C003859,-1552.9329750197148,-1202.4068879250033,350.52608709471156
C002463,786.3266712139605,385.0151924391011,401.3114787748594
C003636,2149.426337398197,2641.149694006407,491.72335660821
C004106,-1761.4114652431354,-675.7509079927166,1085.6605572504186
C004479,-3202.1993988946997,-2779.6918029765366,422.50759591816313
C000197,-426.95903854005405,859.7385156961594,1286.6975542362134
C004668,-1821.7600950759047,-1294.2493227852542,527.5107722906505
C001544,-527.6524024649068,-791.1412686435432,263.4888661786364
C001331,-2937.9050302221235,-3550.498328809778,612.5932985876543
C000880,1173.2850395232376,-93.56584165099517,1266.8508811742329
C004503,755.420768144151,1282.9525864333718,527.5318182892208
C003502,1809.1787768084548,1561.7969484576784,247.38182835077646
C003895,-192.60773688173782,-651.4280315126229,458.82029463088503
C004991,-1320.558294166828,-940.9452342505704,379.6130599162577
C000888,1676.802932821165,1147.0381435630138,529.7647892581513
C001346,-2669.4148592656643,-2794.7973283744636,125.38246910879934
C000069,-2059.6469507693987,-2023.50060625635,36.14634451304869
C004211,63.73864193083614,129.75806565140462,66.01942372056848
C001816,-3337.5186858588486,-5049.01970887712,1711.5010230182716
C000569,578.2525303807952,396.39380805818564,181.85872232260954
C002168,668.81496254903,1261.5690138952696,592.7540513462395
C000097,1610.536330443474,2076.2972926142297,465.76096217075565
C004182,1121.8407596452694,1388.3127249514675,266.4719653061982
C003354,559.2468154745518,-124.74320012268106,683.9900155972329
C000140,1489.2667405473444,1681.8600829246427,192.5933423772983
C004955,-4127.558266631545,-2714.525090073039,1413.033176558506
C002603,2619.289411053037,1365.1769468483662,1254.1124642046707
C004024,-3282.277007914878,-1690.1275107328015,1592.1494971820766
C004773,-1957.7748541013677,-1066.8337810333062,890.9410730680615
C001607,-760.1209631139516,374.08450396996443,1134.2054670839161
C001630,665.6191160578971,-192.87600309957384,858.495119157471
C001540,323.7792805106672,-163.1323509118179,486.91163142248513
C001695,-598.0118816943943,-903.6253200506887,305.6134383562944
C002060,-3019.9783600899,-2811.2153812420884,208.7629788478116
C000464,885.9679001741872,1819.791230269173,933.8233300949857
C002331,4047.0833773061786,5589.271986152173,1542.1886088459942
C003044,525.5046964948344,1113.1895250222701,587.6848285274357
C004735,2113.2526803255187,1509.6896633937827,603.563016931736
C000595,-1141.908941627266,-1693.1049484611292,551.1960068338633
C003815,3168.6805511983257,2992.138380349745,176.54217084858055
C000626,2434.2483418687043,2501.4149842247552,67.16664235605094
C000451,1952.117021127092,2800.150477131374,848.033456004282
C001500,4595.664210715221,4935.597953515522,339.93374280030093
C002457,-2258.3261042560466,-2493.5879672147885,235.26186295874186
C004723,-629.0174380688004,-1250.4424871618862,621.4250490930858
C002985,1278.7580607580537,213.0024778111527,1065.755582946901
C001570,-1302.5741442401572,-1644.9807296023648,342.4065853622076
C001035,309.5988014351028,225.16186410691526,84.43693732818755
C003519,1557.0736603524838,2188.7567901354855,631.6831297830017
C001558,1019.368230058255,1425.4332129403306,406.0649828820756
C003625,2433.6521381911703,2158.9670729931977,274.68506519797256
C004665,1794.7158456518277,2587.6552887526323,792.9394431008045
C000151,-1811.9649019695914,-1206.8143507283476,605.1505512412439
C001421,1490.1518007028076,1775.2367768660697,285.0849761632621
C002012,1238.784283271421,955.0828112387952,283.7014720326257
C002687,-1532.1970270621996,-1019.4765360562584,512.7204910059412
C001787,3459.362603104323,3517.305655590657,57.94305248633373
C000089,2668.8816040996235,2172.1290748776423,496.75252922198115
C000458,-4468.212659976369,-4306.840799306161,161.37186067020775
C001306,961.3479681125472,793.1446849478223,168.2032831647249
C002926,-1316.5338676496704,49.78752450717523,1366.3213921568456
C003271,1263.1098371582905,-798.1748404704334,2061.284677628724
C003228,4112.531761532629,3913.9873024533063,198.54445907932313
C001989,-3108.897560822818,-1681.8447789459049,1427.052781876913
C003755,-64.18824328032326,360.16870698573155,424.3569502660548
C003647,4980.131762172895,3503.8568355405646,1476.2749266323303
C000832,1018.5839389056025,1131.973699053341,113.38976014773857
C000240,1269.201768794856,1277.3445556361519,8.142786841295901
C004682,1698.2710679906909,853.7980676607132,844.4730003299777
C003023,-61.23489026021951,64.19968569684147,125.43457595706099
C003149,175.6335557130496,254.2093275850863,78.57577187203671
C001947,4981.241701645804,4928.729591791312,52.51210985449234
C002776,-2461.442940311193,-2418.037100320759,43.40583999043429
C000193,-3209.4755691742334,-2591.5670628407274,617.908506333506
C004850,-2398.268357492454,-857.1690471276606,1541.0993103647934
C004940,1509.8656692706395,574.6318086002547,935.2338606703848
C000945,-294.6527581699865,-540.5885841313367,245.9358259613502
C001269,3624.628873536182,4329.511424825527,704.882551289345
C004232,-1111.184536192871,-721.7381105344513,389.4464256584198
C002308,-3387.5427356294877,-3288.3709944662496,99.17174116323804
C004425,2763.865184611355,2428.591931184848,335.2732534265069
C004712,-2857.8689480371904,-2060.469908559683,797.3990394775074
C002314,-164.5284834431112,-555.310753583591,390.7822701404798
C003215,-342.66497515288455,254.84750823602266,597.5124833889072
C002733,-3502.921099225329,-3237.7022591282957,265.2188400970331
C001927,-291.63715598056746,201.0279457535939,492.66510173416134
